Workbook

Sheet Exhibit 1 - Summary
A1: FOR DATA VALIDATION PURPOSES
A2: Company ABC
A3: Historical Monthly Claims Trend Summary
A4: Claims Incurred between 1/1/2018 and 12/31/2018, Paid through 12/31/2018
C42: All Lines of Business
D43: Spending Per-Member Per-Month
A44: Month | C44: Members | D44: Provider A | E44: Provider B | F44: Provider C
A45: 43101 | C45: ='Exhibit 2 - Detail'!C9+'Exhibit 2 - Detail'!H9+'Exhibit 2 - Detail'!M9+'Exhibit 2 - Detail'!R9 -> 99097 | D45: ='Exhibit 2 - Detail'!D9+'Exhibit 2 - Detail'!I9+'Exhibit 2 - Detail'!N9+'Exhibit 2 - Detail'!S9 -> 78.920954 | E45: ='Exhibit 2 - Detail'!E9+'Exhibit 2 - Detail'!J9+'Exhibit 2 - Detail'!O9+'Exhibit 2 - Detail'!T9 -> 7.0594397 | F45: ='Exhibit 2 - Detail'!F9+'Exhibit 2 - Detail'!K9+'Exhibit 2 - Detail'!P9+'Exhibit 2 - Detail'!U9 -> 1.2848443
A46: 43132 | C46: ='Exhibit 2 - Detail'!C10+'Exhibit 2 - Detail'!H10+'Exhibit 2 - Detail'!M10+'Exhibit 2 - Detail'!R10 -> 98109 | D46: ='Exhibit 2 - Detail'!D10+'Exhibit 2 - Detail'!I10+'Exhibit 2 - Detail'!N10+'Exhibit 2 - Detail'!S10 -> 74.970878 | E46: ='Exhibit 2 - Detail'!E10+'Exhibit 2 - Detail'!J10+'Exhibit 2 - Detail'!O10+'Exhibit 2 - Detail'!T10 -> 6.4244372 | F46: ='Exhibit 2 - Detail'!F10+'Exhibit 2 - Detail'!K10+'Exhibit 2 - Detail'!P10+'Exhibit 2 - Detail'!U10 -> 1.2433935
A47: 43160 | C47: ='Exhibit 2 - Detail'!C11+'Exhibit 2 - Detail'!H11+'Exhibit 2 - Detail'!M11+'Exhibit 2 - Detail'!R11 -> 97724 | D47: ='Exhibit 2 - Detail'!D11+'Exhibit 2 - Detail'!I11+'Exhibit 2 - Detail'!N11+'Exhibit 2 - Detail'!S11 -> 81.154599 | E47: ='Exhibit 2 - Detail'!E11+'Exhibit 2 - Detail'!J11+'Exhibit 2 - Detail'!O11+'Exhibit 2 - Detail'!T11 -> 7.2791571 | F47: ='Exhibit 2 - Detail'!F11+'Exhibit 2 - Detail'!K11+'Exhibit 2 - Detail'!P11+'Exhibit 2 - Detail'!U11 -> 1.6647365
A48: 43191 | C48: ='Exhibit 2 - Detail'!C12+'Exhibit 2 - Detail'!H12+'Exhibit 2 - Detail'!M12+'Exhibit 2 - Detail'!R12 -> 99265 | D48: ='Exhibit 2 - Detail'!D12+'Exhibit 2 - Detail'!I12+'Exhibit 2 - Detail'!N12+'Exhibit 2 - Detail'!S12 -> 79.265838 | E48: ='Exhibit 2 - Detail'!E12+'Exhibit 2 - Detail'!J12+'Exhibit 2 - Detail'!O12+'Exhibit 2 - Detail'!T12 -> 9.1558916 | F48: ='Exhibit 2 - Detail'!F12+'Exhibit 2 - Detail'!K12+'Exhibit 2 - Detail'!P12+'Exhibit 2 - Detail'!U12 -> 1.6304673
A49: 43221 | C49: ='Exhibit 2 - Detail'!C13+'Exhibit 2 - Detail'!H13+'Exhibit 2 - Detail'!M13+'Exhibit 2 - Detail'!R13 -> 100104 | D49: ='Exhibit 2 - Detail'!D13+'Exhibit 2 - Detail'!I13+'Exhibit 2 - Detail'!N13+'Exhibit 2 - Detail'!S13 -> 81.53539 | E49: ='Exhibit 2 - Detail'!E13+'Exhibit 2 - Detail'!J13+'Exhibit 2 - Detail'!O13+'Exhibit 2 - Detail'!T13 -> 7.9899936 | F49: ='Exhibit 2 - Detail'!F13+'Exhibit 2 - Detail'!K13+'Exhibit 2 - Detail'!P13+'Exhibit 2 - Detail'!U13 -> 1.5385149
A50: 43252 | C50: ='Exhibit 2 - Detail'!C14+'Exhibit 2 - Detail'!H14+'Exhibit 2 - Detail'!M14+'Exhibit 2 - Detail'!R14 -> 99865 | D50: ='Exhibit 2 - Detail'!D14+'Exhibit 2 - Detail'!I14+'Exhibit 2 - Detail'!N14+'Exhibit 2 - Detail'!S14 -> 79.92542 | E50: ='Exhibit 2 - Detail'!E14+'Exhibit 2 - Detail'!J14+'Exhibit 2 - Detail'!O14+'Exhibit 2 - Detail'!T14 -> 8.364258 | F50: ='Exhibit 2 - Detail'!F14+'Exhibit 2 - Detail'!K14+'Exhibit 2 - Detail'!P14+'Exhibit 2 - Detail'!U14 -> 1.5775419
A51: 43282 | C51: ='Exhibit 2 - Detail'!C15+'Exhibit 2 - Detail'!H15+'Exhibit 2 - Detail'!M15+'Exhibit 2 - Detail'!R15 -> 97986 | D51: ='Exhibit 2 - Detail'!D15+'Exhibit 2 - Detail'!I15+'Exhibit 2 - Detail'!N15+'Exhibit 2 - Detail'!S15 -> 77.078388 | E51: ='Exhibit 2 - Detail'!E15+'Exhibit 2 - Detail'!J15+'Exhibit 2 - Detail'!O15+'Exhibit 2 - Detail'!T15 -> 8.1886591 | F51: ='Exhibit 2 - Detail'!F15+'Exhibit 2 - Detail'!K15+'Exhibit 2 - Detail'!P15+'Exhibit 2 - Detail'!U15 -> 1.7955653
A52: 43313 | C52: ='Exhibit 2 - Detail'!C16+'Exhibit 2 - Detail'!H16+'Exhibit 2 - Detail'!M16+'Exhibit 2 - Detail'!R16 -> 96232 | D52: ='Exhibit 2 - Detail'!D16+'Exhibit 2 - Detail'!I16+'Exhibit 2 - Detail'!N16+'Exhibit 2 - Detail'!S16 -> 82.297984 | E52: ='Exhibit 2 - Detail'!E16+'Exhibit 2 - Detail'!J16+'Exhibit 2 - Detail'!O16+'Exhibit 2 - Detail'!T16 -> 9.2704731 | F52: ='Exhibit 2 - Detail'!F16+'Exhibit 2 - Detail'!K16+'Exhibit 2 - Detail'!P16+'Exhibit 2 - Detail'!U16 -> 1.5189658
A53: 43344 | C53: ='Exhibit 2 - Detail'!C17+'Exhibit 2 - Detail'!H17+'Exhibit 2 - Detail'!M17+'Exhibit 2 - Detail'!R17 -> 96398 | D53: ='Exhibit 2 - Detail'!D17+'Exhibit 2 - Detail'!I17+'Exhibit 2 - Detail'!N17+'Exhibit 2 - Detail'!S17 -> 69.365907 | E53: ='Exhibit 2 - Detail'!E17+'Exhibit 2 - Detail'!J17+'Exhibit 2 - Detail'!O17+'Exhibit 2 - Detail'!T17 -> 7.7920895 | F53: ='Exhibit 2 - Detail'!F17+'Exhibit 2 - Detail'!K17+'Exhibit 2 - Detail'!P17+'Exhibit 2 - Detail'!U17 -> 1.2209905
A54: 43374 | C54: ='Exhibit 2 - Detail'!C18+'Exhibit 2 - Detail'!H18+'Exhibit 2 - Detail'!M18+'Exhibit 2 - Detail'!R18 -> 95933 | D54: ='Exhibit 2 - Detail'!D18+'Exhibit 2 - Detail'!I18+'Exhibit 2 - Detail'!N18+'Exhibit 2 - Detail'!S18 -> 81.252411 | E54: ='Exhibit 2 - Detail'!E18+'Exhibit 2 - Detail'!J18+'Exhibit 2 - Detail'!O18+'Exhibit 2 - Detail'!T18 -> 8.7535747 | F54: ='Exhibit 2 - Detail'!F18+'Exhibit 2 - Detail'!K18+'Exhibit 2 - Detail'!P18+'Exhibit 2 - Detail'!U18 -> 1.8885901
A55: 43405 | C55: ='Exhibit 2 - Detail'!C19+'Exhibit 2 - Detail'!H19+'Exhibit 2 - Detail'!M19+'Exhibit 2 - Detail'!R19 -> 95658 | D55: ='Exhibit 2 - Detail'!D19+'Exhibit 2 - Detail'!I19+'Exhibit 2 - Detail'!N19+'Exhibit 2 - Detail'!S19 -> 66.327623 | E55: ='Exhibit 2 - Detail'!E19+'Exhibit 2 - Detail'!J19+'Exhibit 2 - Detail'!O19+'Exhibit 2 - Detail'!T19 -> 7.6385523 | F55: ='Exhibit 2 - Detail'!F19+'Exhibit 2 - Detail'!K19+'Exhibit 2 - Detail'!P19+'Exhibit 2 - Detail'!U19 -> 1.5379649
A56: 43435 | C56: ='Exhibit 2 - Detail'!C20+'Exhibit 2 - Detail'!H20+'Exhibit 2 - Detail'!M20+'Exhibit 2 - Detail'!R20 -> 95077 | D56: ='Exhibit 2 - Detail'!D20+'Exhibit 2 - Detail'!I20+'Exhibit 2 - Detail'!N20+'Exhibit 2 - Detail'!S20 -> 42.362992 | E56: ='Exhibit 2 - Detail'!E20+'Exhibit 2 - Detail'!J20+'Exhibit 2 - Detail'!O20+'Exhibit 2 - Detail'!T20 -> 3.7321229 | F56: ='Exhibit 2 - Detail'!F20+'Exhibit 2 - Detail'!K20+'Exhibit 2 - Detail'!P20+'Exhibit 2 - Detail'!U20 -> 0.67288599
A57: 2018 Average | C57: =AVERAGE(C45:C56) -> 97620.667 | D57: =SUMPRODUCT(D45:D56,$C$45:$C$56)/SUM($C$45:$C$56) -> 74.647217 | E57: =SUMPRODUCT(E45:E56,$C$45:$C$56)/SUM($C$45:$C$56) -> 7.6453378 | F57: =SUMPRODUCT(F45:F56,$C$45:$C$56)/SUM($C$45:$C$56) -> 1.4661216

Sheet Exhibit 2 - Detail
A1: FOR DATA VALIDATION PURPOSES
A2: Company ABC
A3: Detailed Historical Experience Summary by Line of Business
A4: Claims Incurred between 1/1/2018 and 12/31/2018, Paid through 12/31/2018
C6: HMO/POS | H6: PPO | M6: Medicaid | R6: Medicare
D7: Spending Per-Member Per-Month | I7: Spending Per-Member Per-Month | N7: Spending Per-Member Per-Month | S7: Spending Per-Member Per-Month
A8: Month | C8: Members | D8: Provider A | E8: Provider B | F8: Provider C | H8: Members | I8: Provider A | J8: Provider B | K8: Provider C | M8: Members | N8: Provider A | O8: Provider B | P8: Provider C | R8: Members | S8: Provider A | T8: Provider B | U8: Provider C
A9: 43101 | C9: 47226 | D9: 23.334049 | E9: 1.8832556 | F9: 0.41494283 | H9: 26146 | I9: 35.379967 | J9: 2.1060678 | K9: 0.82328616 | M9: 24537 | N9: 16.191281 | O9: 2.6116061 | P9: 0.046615316 | R9: 1188 | S9: 4.0156566 | T9: 0.4585101 | U9: 0
A10: 43132 | C10: 47059 | D10: 22.90398 | E10: 1.914244 | F10: 0.49626915 | H10: 26155 | I10: 31.98789 | J10: 2.1813175 | K10: 0.69468782 | M10: 23829 | N10: 14.462348 | O10: 1.9972903 | P10: 0.052436527 | R10: 1066 | S10: 5.6166604 | T10: 0.33158537 | U10: 0
A11: 43160 | C11: 46988 | D11: 23.487372 | E11: 2.3189551 | F11: 0.5225183 | H11: 26110 | I11: 32.965394 | J11: 2.367851 | K11: 1.1105768 | M11: 23523 | N11: 16.47855 | O11: 2.4454517 | P11: 0.031641372 | R11: 1103 | S11: 8.223282 | T11: 0.14689937 | U11: 0
A12: 43191 | C12: 47803 | D12: 22.212635 | E12: 2.5282641 | F12: 0.42180282 | H12: 26233 | I12: 35.424128 | J12: 2.8533892 | K12: 1.1667263 | M12: 24074 | N12: 15.140331 | O12: 3.1453552 | P12: 0.041938191 | R12: 1155 | S12: 6.4887446 | T12: 0.62888312 | U12: 0
A13: 43221 | C13: 47815 | D13: 22.103515 | E13: 2.3514301 | F13: 0.50567939 | H13: 26397 | I13: 36.960934 | J13: 2.2452097 | K13: 0.99184074 | M13: 24688 | N13: 16.348425 | O13: 2.3899984 | P13: 0.040994815 | R13: 1204 | S13: 6.1225166 | T13: 1.0033555 | U13: 0
A14: 43252 | C14: 47639 | D14: 22.727818 | E14: 2.7614087 | F14: 0.38954155 | H14: 26387 | I14: 36.0752 | J14: 2.3184284 | K14: 1.1343502 | M14: 24634 | N14: 15.285075 | O14: 2.8925785 | P14: 0.038114801 | R14: 1205 | S14: 5.8373278 | T14: 0.39184232 | U14: 0.01553527
A15: 43282 | C15: 46893 | D15: 21.626398 | E15: 2.332066 | F15: 0.58073017 | H15: 26301 | I15: 32.332509 | J15: 2.7741873 | K15: 1.1680803 | M15: 23672 | N15: 16.293633 | O15: 2.6920666 | P15: 0.046754816 | R15: 1120 | S15: 6.8258482 | T15: 0.39033929 | U15: 0
A16: 43313 | C16: 46065 | D16: 24.586117 | E16: 2.6175654 | F16: 0.40322892 | H16: 26145 | I16: 31.923099 | J16: 2.5467692 | K16: 1.0603362 | M16: 22923 | N16: 17.681834 | O16: 3.0230175 | P16: 0.055400689 | R16: 1099 | S16: 8.1069336 | T16: 1.083121 | U16: 0
A17: 43344 | C17: 45842 | D17: 18.403977 | E17: 1.9779329 | F17: 0.37978797 | H17: 26184 | I17: 31.371785 | J17: 2.3359575 | K17: 0.79437137 | M17: 23123 | N17: 14.6547 | O17: 2.515517 | P17: 0.023932881 | R17: 1249 | S17: 4.9354444 | T17: 0.96268215 | U17: 0.022898319
A18: 43374 | C18: 45291 | D18: 22.538951 | E18: 2.4203473 | F18: 0.61786713 | H18: 26147 | I18: 37.602723 | J18: 2.6477145 | K18: 1.2210896 | M18: 23213 | N18: 15.17392 | O18: 2.8704661 | P18: 0.049633395 | R18: 1282 | S18: 5.9368175 | T18: 0.8150468 | U18: 0
A19: 43405 | C19: 44819 | D19: 18.993533 | E19: 2.0746833 | F19: 0.44463152 | H19: 26033 | I19: 27.459204 | J19: 2.2636884 | K19: 1.0031118 | M19: 23513 | N19: 13.121081 | O19: 2.7536223 | P19: 0.075743631 | R19: 1293 | S19: 6.7538051 | T19: 0.54655839 | U19: 0.014477958
A20: 43435 | C20: 44301 | D20: 11.772516 | E20: 1.1576231 | F20: 0.29186723 | H20: 25907 | I20: 18.939993 | J20: 1.027818 | K20: 0.36210561 | M20: 23628 | N20: 8.829887 | O20: 1.2997681 | P20: 0.018913154 | R20: 1241 | S20: 2.8205963 | T20: 0.24691378 | U20: 0
A21: 2018 Average | C21: =AVERAGE(C9:C20) -> 46478.417 | D21: =SUMPRODUCT(D9:D20,$C$9:$C$20)/SUM($C$9:$C$20) -> 21.280228 | E21: =SUMPRODUCT(E9:E20,$C$9:$C$20)/SUM($C$9:$C$20) -> 2.2005272 | F21: =SUMPRODUCT(F9:F20,$C$9:$C$20)/SUM($C$9:$C$20) -> 0.4562349 | H21: =AVERAGE(H9:H20) -> 26178.75 | I21: =SUMPRODUCT(I9:I20,$H$9:$H$20)/SUM($H$9:$H$20) -> 32.387711 | J21: =SUMPRODUCT(J9:J20,$H$9:$H$20)/SUM($H$9:$H$20) -> 2.3070247 | K21: =SUMPRODUCT(K9:K20,$H$9:$H$20)/SUM($H$9:$H$20) -> 0.96159325 | M21: =AVERAGE(M9:M20) -> 23779.75 | N21: =SUMPRODUCT(N9:N20,$M$9:$M$20)/SUM($M$9:$M$20) -> 14.97573 | O21: =SUMPRODUCT(O9:O20,$M$9:$M$20)/SUM($M$9:$M$20) -> 2.5527974 | P21: =SUMPRODUCT(P9:P20,$M$9:$M$20)/SUM($M$9:$M$20) -> 0.043483566 | R21: =AVERAGE(R9:R20) -> 1183.75 | S21: =SUMPRODUCT(S9:S20,$R$9:$R$20)/SUM($R$9:$R$20) -> 5.9339036 | T21: =SUMPRODUCT(T9:T20,$R$9:$R$20)/SUM($R$9:$R$20) -> 0.58815276 | U21: =SUMPRODUCT(U9:U20,$R$9:$R$20)/SUM($R$9:$R$20) -> 0.0046490672
